Borough,Month,Consumption (KWH),Consumption (KW),KWH Charges,KW Charges,Current Charges,Total Population,Electricity Cost Per Person,KWH Per Person,Avg_Temp
BRONX,2016-01-01,25818730.0,45884.11,1060147.92,853151.74,2802073.26,396610.0,7.065059529512619,65.09853508484406,34.45161290322581
BRONX,2016-02-01,23989865.0,45678.69,988668.38,853500.61,2520555.05,396610.0,6.355248354806989,60.487292302261665,37.706896551724135
BRONX,2016-03-01,21839407.0,43358.32,781635.65,784785.0,2462642.58,396610.0,6.209229671465672,55.06519502786112,48.87096774193548
BRONX,2016-04-01,23029411.0,42640.25,820797.56,783991.63,2376722.14,396610.0,5.992592572048108,58.065633745997324,53.333333333333336
BRONX,2016-05-01,21254342.0,41810.88,759995.23,781883.68,2159442.08,396610.0,5.44474945160233,53.59003050856005,62.79032258064516
BRONX,2016-06-01,28970917.0,57981.16,1181496.95,852825.32,3533375.72,396610.0,8.908942588437004,73.04636040442752,72.25
BRONX,2016-07-01,38320695.0,69982.06,1555999.89,1029484.86,4738012.28,396610.0,11.946275383878369,96.62059706008421,78.6774193548387
BRONX,2016-08-01,38426431.0,73818.8,1565531.01,1089213.0,4695879.72,396610.0,11.840043670104132,96.88719649025491,79.1774193548387
BRONX,2016-09-01,34166722.0,67781.07,1394280.56,994498.83,4434106.31,396808.0,11.174437788552648,86.10391423560009,71.8
BRONX,2016-10-01,25653796.0,55661.159999999996,914370.75,833220.99,3088664.56,396610.0,7.787661834043519,64.68267567635712,58.75806451612903
BRONX,2016-11-01,23342138.0,46447.77,834527.47,826833.62,2300491.82,396610.0,5.800387836917879,58.85413378381786,49.766666666666666
BRONX,2016-12-01,24364195.0,45132.18,872962.08,824997.95,2689362.99,396610.0,6.780875393963844,61.431116209878724,38.33870967741935
BRONX,2017-01-01,26058199.0,44883.47,1069032.9,826283.4400000001,2911831.19,392998.0,7.409277375457381,66.30618730884126,38.016129032258064
BRONX,2017-02-01,23075133.0,43277.48,948862.49,823304.09,2903369.98,392998.0,7.387747469452771,58.71564995241706,41.625
BRONX,2017-03-01,23495502.0,43724.57,962122.07,821083.17,2814761.43,392998.0,7.162279273685872,59.78529661728558,39.17741935483871
BRONX,2017-04-01,21497665.0,41879.17,883204.81,818383.76,2672927.57,392998.0,6.801377029908549,54.701716039267374,57.15
BRONX,2017-05-01,21795106.0,59023.72,894381.94,876557.85,3083991.34,392998.0,7.847346144255186,55.4585672191716,61.08064516129032
BRONX,2017-06-01,26474762.0,68372.75,1223133.87,1012079.07,4314211.75,392998.0,10.977693906839221,67.36614944605316,71.98333333333333
BRONX,2017-07-01,38257821.0,69709.28,1757382.95,1030236.19,5398189.69,392998.0,13.735921531407286,97.34864045109644,76.7741935483871
BRONX,2017-08-01,31817336.0,62938.52,1467402.07,921557.66,4375942.28,392998.0,11.134769846156978,80.96055450663872,74.03225806451613
BRONX,2017-09-01,27545526.0,67077.88,1273973.46,984972.5,4418201.81,392998.0,11.242301004076356,70.09075364251217,70.51666666666667
BRONX,2017-10-01,26903769.0,57975.14,1100509.48,847742.09,3341854.33,336332.0,9.936177140444562,79.99170165193915,64.12903225806451
BRONX,2017-11-01,22326689.0,43731.74,916913.52,763125.0,2490148.98,336332.0,7.403841977569782,66.38288655257305,46.63333333333333
BRONX,2017-12-01,23574138.0,42851.25,969266.01,765998.84,2863118.03,336332.0,8.512773182450672,70.09186755943531,35.03225806451613
BRONX,2019-01-01,23372477.0,42753.69,890403.36,413700.84,2819278.39,325579.0,8.659275905387018,71.78742179317462,32.516129032258064
BRONX,2019-02-01,22659461.0,40977.18,860267.82,392568.08,2767056.68,325579.0,8.498879473184695,69.59742796679147,36.214285714285715
BRONX,2019-03-01,20089972.0,38792.78,763983.96,364895.51,3165033.74,325579.0,9.721246579171261,61.705367975207245,41.725806451612904
BRONX,2019-04-01,19977131.0,38911.47,759280.0,364778.12,2216467.08,325579.0,6.80777040288225,61.35878235389875,55.45
BRONX,2019-05-01,19891405.0,43483.51,756243.38,409632.28,2770197.68,325579.0,8.50852690130506,61.09547913102504,62.16129032258065
BRONX,2019-06-01,24692832.0,45742.79,1017474.79,432789.94,3340411.66,325579.0,10.259911296490253,75.8428277008038,71.65
BRONX,2019-07-01,34997544.0,66977.25,1447750.75,640813.67,4923491.53,325579.0,15.122263813083768,107.49324741460597,79.56451612903226
BRONX,2019-08-01,32068046.0,63849.26,1327603.49,616262.0,4547185.83,325579.0,13.966459231092914,98.49543735928914,75.5
BRONX,2019-09-01,27650747.0,59208.34,1141378.74,573094.41,3482616.89,325579.0,10.696687716345343,84.92791918397685,70.36666666666666
BRONX,2019-10-01,22615379.0,51825.54,860123.07,490354.51,2312917.24,325579.0,7.104012359519503,69.46203225638017,59.91935483870968
BRONX,2019-11-01,20467526.0,40122.62,778308.18,386833.83,2415923.27,325579.0,7.420390350729009,62.86500664969178,43.86666666666667
BRONX,2019-12-01,23037950.0,39706.45,874803.79,378048.53,2010346.33,325579.0,6.174680584435729,70.75993844811859,38.306451612903224
BRONX,2020-01-01,43675308.0,77700.28,1476177.35,798199.38,4340718.11,640188.0,6.7803803101588915,68.22262835292133,39.145161290322584
BRONX,2020-02-01,43143302.0,307698.76,1416371.58,772264.66,4734770.28,640188.0,7.3959060151080624,67.3916130886552,40.12068965517241
BRONX,2020-03-01,39458494.0,78197.6,1332776.59,793658.16,4808934.26,640188.0,7.511753203746399,61.63579136128762,48.0
BRONX,2020-04-01,41038946.0,77261.07,1384718.1199999999,783807.12,2193655.35,640188.0,3.4265799265215846,64.10452242153868,50.35
BRONX,2020-05-01,20278221.0,41685.25,684539.17,426619.29,2484438.58,320094.0,7.761590595262642,63.35083131830025,60.29032258064516
BRONX,2020-06-01,26363596.0,55605.87,976631.75,578052.28,4320599.21,320094.0,13.497907520915732,82.3620436496779,73.7
BRONX,2020-07-01,34334322.0,65527.38,1276894.89,679349.23,5318519.62,320094.0,16.615493011427894,107.26324767099665,80.03225806451613
BRONX,2020-08-01,34365882.0,66872.1,1277290.13,688519.4,5203549.53,320094.0,16.256316988134735,107.36184370841066,76.87096774193549
BRONX,2020-09-01,30588925.0,61263.37,1132725.02,633350.86,4742787.7,320094.0,14.816859110136399,95.56231919373684,68.76666666666667
BRONX,2020-10-01,21828966.0,44727.51,737446.33,457287.39,2747842.23,320094.0,8.584485276200116,68.19548632589176,57.87096774193548
BRONX,2020-11-01,21314057.0,40327.63,719885.78,413005.07,2135290.13,320094.0,6.670822102257461,66.58686823245671,52.95
BRONX,2020-12-01,23968571.0,41143.65,807887.9,425751.62,2741492.08,320094.0,8.564646884977538,74.87978843714659,39.20967741935484
BRONX,2021-01-01,23743902.0,38760.59,881980.39,454279.06,2693754.62,317748.0,8.477644611453101,74.72557498394954,34.75806451612903
BRONX,2021-02-01,20600897.0,38291.9,766153.19,445281.83,2791173.15,317748.0,8.784235148608332,64.83407291312612,34.160714285714285
BRONX,2021-03-01,19892695.0,37483.35,739960.67,429880.15,2759092.98,317748.0,8.68327410400695,62.605256366680514,45.82258064516129
BRONX,2021-04-01,20636169.0,37196.32,764710.96,423975.52,3107012.55,317748.0,9.77822850183164,64.9450791193021,54.583333333333336
BRONX,2021-05-01,19963748.0,47130.15,740872.15,505064.02,2883606.12,317748.0,9.075135390309303,62.828870677392146,62.88709677419355
BRONX,2021-06-01,25812292.0,57167.07,1039229.39,656389.93,4268375.56,317748.0,13.433209839243677,81.23510454825836,74.25
BRONX,2021-07-01,31717022.0,64453.92,1291616.85,753790.25,5428184.84,318915.0,17.020788736810747,99.45290124327799,76.03225806451613
BRONX,2021-08-01,35214677.0,62375.81,1419554.38,728749.19,5819020.53,317748.0,18.313319139695608,110.82580220803908,77.54838709677419
BRONX,2021-09-01,28742833.0,62326.77,1170096.56,724968.86,5042160.53,317748.0,15.868425702128732,90.45795095484472,70.3
BRONX,2021-10-01,22336762.0,47050.43,824918.28,543191.52,3280277.2,317748.0,10.323518007981168,70.29709707063459,62.0
BRONX,2021-11-01,22336336.0,41261.27,827268.25,468153.13,2859402.12,317748.0,8.998961818799804,70.29575638556341,46.233333333333334
BRONX,2021-12-01,22224590.0,39925.97,826601.55,463350.76,3168612.66,317748.0,9.972093168171003,69.94407517907273,43.75806451612903
BRONX,2022-01-01,23708940.0,41063.12,904978.58,523767.5,3167543.4,311919.0,10.155019091494907,76.0099256537755,30.322580645161292
BRONX,2022-02-01,21028643.0,39694.43,804699.19,500631.42,2624358.73,311919.0,8.413590483426788,67.4169992850708,37.32142857142857
BRONX,2022-03-01,20152243.0,39596.75,770338.03,496097.01,3856163.72,311919.0,12.362708651925661,64.60729548376341,45.29032258064516
BRONX,2022-04-01,21283353.0,38198.03,811269.21,477203.77,3386142.24,311919.0,10.85583834264665,68.23358948957903,52.75
BRONX,2022-05-01,20104315.0,47624.6,767154.83,548571.79,3445832.44,311919.0,11.047202767385123,64.45364020787449,64.03225806451613
BRONX,2022-06-01,23844007.0,53107.83,997345.74,685750.41,4470650.01,311919.0,14.332727438854317,76.44294512357375,71.38333333333334
BRONX,2022-07-01,35217358.0,64213.17,1456646.26,814868.87,6226211.03,311919.0,19.960986762589005,112.90545943017257,79.54838709677419
BRONX,2022-08-01,33060230.0,66216.35,1375892.12,860793.96,6046084.48,311919.0,19.383508154360587,105.98979222169858,79.3225806451613
BRONX,2022-09-01,28807936.0,57017.95,1199679.31,730278.67,5696526.74,311919.0,18.262839839830214,92.3571055306025,69.53333333333333
BRONX,2022-10-01,22148369.0,41489.19,844208.37,516742.86,4260062.28,311919.0,13.657591490098392,71.00679663630622,56.88709677419355
BRONX,2022-11-01,20742985.0,40180.15,792189.9,509954.79,3505920.8,311919.0,11.239843677364956,66.50119101433386,50.916666666666664
BRONX,2022-12-01,21987327.0,39642.37,841027.02,508163.75,2752944.26,311919.0,8.82583061628179,70.49050234195415,38.46774193548387
BRONX,2023-01-01,7438738.0,12837.39,393696.75,143100.98,1044160.37,152426.0,6.850277314893784,48.80229094773858,43.46774193548387
BRONX,2023-02-01,7937664.0,12808.66,417414.39,141278.38,1423402.19,163882.0,8.68553099181118,48.43523998974872,41.107142857142854
BRONX,2023-03-01,6454556.0,11611.92,341070.12,125965.31,812694.85,139505.0,5.82556073259023,46.26756030249812,44.62903225806452
BRONX,2023-04-01,6157624.0,12264.1,322513.33,139559.8,877451.38,117640.0,7.458784257055424,52.3429445766746,57.6
BRONX,2023-05-01,5498044.0,12592.54,287434.25,140191.6,796030.93,117640.0,6.766668905134308,46.736178170690245,62.67741935483871
BRONX,2023-06-01,6279416.0,11845.5,349146.37,136966.27,1016751.56,122476.0,8.301639178287992,51.27058362454685,70.0
BRONX,2023-07-01,9030942.0,17892.52,500706.45,206011.74,1499977.46,131956.0,11.367254690957592,68.43904028615599,79.04838709677419
BRONX,2023-08-01,7168074.0,16445.84,399629.08,187948.9,1347599.66,118416.0,11.38021601810566,60.53298540737738,75.0
BRONX,2023-09-01,6437539.0,14319.5,359793.44,161761.39,1180464.33,102296.0,11.539691972315634,62.93050559161649,69.4
BRONX,2023-10-01,5741955.0,11113.94,300120.63,127200.15,813294.72,139283.0,5.83915280400336,41.225095668530976,60.5
BRONX,2023-11-01,6212140.0,12099.97,326674.9,128084.32,724540.58,135100.0,5.362994670614359,45.981791265729086,46.666666666666664
BRONX,2023-12-01,6532902.0,11478.99,345778.64,122596.45,978775.64,146888.0,6.663414574369588,44.47539622024944,44.61290322580645
BRONX,2024-01-01,18572048.0,31134.32,935964.67,353151.74,2565201.6,249521.0,10.280503845367726,74.43080141551212,36.983870967741936
BRONX,2024-02-01,16728943.0,30886.19,844030.13,346488.29,2499469.92,249521.0,10.017072390700582,67.04422874227019,40.05172413793103
BRONX,2024-03-01,15916212.0,31487.32,803057.49,348093.04,2691741.2600000002,249521.0,10.787634147025702,63.787064014652074,48.12903225806452
BRONX,2024-04-01,16953694.0,30725.65,855484.0,346495.26,2509694.07,249521.0,10.058047499008099,67.94495854056372,55.61666666666667
BRONX,2024-05-01,15606276.0,32607.71,787019.89,369707.16,2649184.4,249521.0,10.617079925136562,62.54494010524164,64.96774193548387
BRONX,2024-06-01,21288898.01,44497.85,1174682.81,510425.98,3819711.78,249521.0,15.308177588259104,85.31906336540813,75.05
BRONX,2024-07-01,30438835.0,52818.67,1669750.92,603447.59,5669972.27,247934.0,22.86887748352384,122.76991054070841,79.64516129032258
BRONX,2024-08-01,25391131.0,49933.73,1397288.84,586955.15,4680578.53,249521.0,18.758254936458254,101.75949519278939,75.11290322580645
BRONX,2024-09-01,20731039.0,47706.44,1141565.23,544169.84,4081371.77,249521.0,16.3568267600723,83.08334368650334,68.81666666666666
BRONX,2024-10-01,16107049.01,33055.75,811744.14,372391.84,2524758.62,251531.0,10.037564435397625,64.03603933511178,60.91935483870968
BRONX,2024-11-01,18399696.01,33410.89,926599.57,372728.28,2590982.45,251030.0,10.321405608891368,73.29680121897782,51.416666666666664
BRONX,2024-12-01,17734237.01,32126.02,895258.76,364870.58,2969143.32,251030.0,11.827842568617296,70.64588698561926,38.24193548387097
BROOKLYN,2016-01-01,32557615.0,58325.27,1336681.73,1085238.52,3568036.96,579002.0,6.1623914252455085,56.23057433307657,34.45161290322581
BROOKLYN,2016-02-01,30270175.0,57221.7,1243733.86,1090114.63,3233071.9,579002.0,5.583870003903268,52.279914404440746,37.706896551724135
BROOKLYN,2016-03-01,27917497.0,54820.1,1003854.76,995314.67,3175824.93,579002.0,5.484998203805859,48.21658128987465,48.87096774193548
BROOKLYN,2016-04-01,29482694.0,55218.59,1058166.52,998686.9,3116649.55,582003.0,5.355040352025677,50.657288708133805,53.333333333333336
BROOKLYN,2016-05-01,26885000.0,53640.83,965648.09,996044.14,2798814.44,582003.0,4.80893473057699,46.19391996261188,62.79032258064516
BROOKLYN,2016-06-01,34408055.0,70456.41,1409933.11,1052630.28,3992179.99,582003.0,6.859380432746911,59.12006467320615,72.25
BROOKLYN,2016-07-01,45137933.0,83972.76,1845265.5,1218529.57,5161374.54,582003.0,8.868295421157622,77.55618613649757,78.6774193548387
BROOKLYN,2016-08-01,45237715.0,89379.54,1851429.55,1300359.57,5137167.61,582003.0,8.82670297232145,77.72763198815126,79.1774193548387
BROOKLYN,2016-09-01,40375634.0,82057.44,1654041.3,1200275.38,4906931.03,582003.0,8.431109513181203,69.37358398496228,71.8
BROOKLYN,2016-10-01,32205107.0,66622.44,1154673.76,1034564.26,3757253.42,582003.0,6.4557286130827505,55.33495016348713,58.75806451612903
BROOKLYN,2016-11-01,29328651.0,60208.8,1053769.57,1030700.4,3022938.55,582003.0,5.194025718080491,50.39261137829187,49.766666666666666
BROOKLYN,2016-12-01,31063581.0,58427.54,1117823.27,1026177.56,3488462.33,582003.0,5.993890632866154,53.373575393941266,38.33870967741935
BROOKLYN,2017-01-01,32962262.0,57506.74,1354219.54,1015976.48,3767292.89,578875.0,6.507955759015331,56.94193392355863,38.016129032258064
BROOKLYN,2017-02-01,29029478.0,55607.01,1194083.57,993110.8,3680710.45,578875.0,6.358385575469661,50.14809414813215,41.625
BROOKLYN,2017-03-01,29609378.0,55706.01,1214721.77,991723.11,3575946.06,579071.0,6.175315393103782,51.13255196685726,39.17741935483871
BROOKLYN,2017-04-01,26429235.0,52967.11,1086139.4,983057.52,3350535.71,579071.0,5.786053368239819,45.64075044338259,57.15
BROOKLYN,2017-05-01,26328382.0,68763.16,1081255.81,1043311.28,3724123.71,579071.0,6.431203962899195,45.466586998830884,61.08064516129032
BROOKLYN,2017-06-01,30954116.0,79375.27,1431570.12,1157474.09,4832336.78,570422.0,8.471511933270456,54.2652913106437,71.98333333333333
BROOKLYN,2017-07-01,43343929.0,81571.64,1993971.67,1197025.35,5990197.69,572799.0,10.457765621099199,75.67039921508243,76.7741935483871
BROOKLYN,2017-08-01,36696320.0,73460.97,1692600.1300000001,1076320.62,4872863.74,569978.0,8.549213724038472,64.38199369098456,74.03225806451613
BROOKLYN,2017-09-01,32469580.0,75673.26,1501204.6,1109749.65,4814980.65,569978.0,8.447660523739513,56.96637414075631,70.51666666666667
BROOKLYN,2017-10-01,32389609.0,69605.25,1327014.23,1010684.28,4015030.11,562833.0,7.1336082106059875,57.54745901537401,64.12903225806451
BROOKLYN,2017-11-01,27385292.0,54246.06,1125394.21,912507.54,3092317.92,560456.0,5.517503461467091,48.862519091596845,46.63333333333333
BROOKLYN,2017-12-01,27220471.0,50310.61,1119911.8,862906.11,3355179.76,560456.0,5.986517692735915,48.568435345504376,35.03225806451613
BROOKLYN,2019-01-01,28317071.0,54108.82,1078740.06,499210.35,3376889.52,597356.0,5.653060352620548,47.40401201293701,32.516129032258064
BROOKLYN,2019-02-01,28256787.0,51779.21,1074627.34,469792.36,3433310.82,597356.0,5.7475120698544915,47.303093967416416,36.214285714285715
BROOKLYN,2019-03-01,25252988.0,50176.79,963513.14,454429.76,4053674.55,597356.0,6.786028013445918,42.274603419066686,41.725806451612904
BROOKLYN,2019-04-01,24667968.0,49612.0,938373.83,449618.87,2711459.22,597356.0,4.539101005095789,41.295254421149195,55.45
BROOKLYN,2019-05-01,23992120.0,54791.79,913535.71,494527.83,3349825.82,597356.0,5.607754538332251,40.16385538941603,62.16129032258065
BROOKLYN,2019-06-01,29112782.0,63472.9,1204695.52,594778.39,3752313.38,597356.0,6.281536269829046,48.73606693496006,71.65
BROOKLYN,2019-07-01,37796217.0,80091.12,1567054.18,735793.41,4794805.33,597356.0,8.02671326646087,63.27251588667394,79.56451612903226
BROOKLYN,2019-08-01,37317161.0,78224.72,1546087.22,726221.95,4536885.95,597356.0,7.594944974186248,62.47055524678751,75.5
BROOKLYN,2019-09-01,34074553.0,72436.84,1378849.45,677665.96,3784268.77,597356.0,6.335030986547386,57.04228801585654,70.36666666666666
BROOKLYN,2019-10-01,28596391.0,63333.71,1066758.28,588509.37,2755714.46,598310.0,4.605830522638766,47.795275024652774,59.91935483870968
BROOKLYN,2019-11-01,26057747.0,54050.25,971374.89,503032.88,3020028.69,598310.0,5.047598552589794,43.55225050559075,43.86666666666667
BROOKLYN,2019-12-01,29619404.0,52260.7,1105871.92,479630.24,2538311.78,598310.0,4.242469255068443,49.50511273420133,38.306451612903224
BROOKLYN,2020-01-01,54452010.0,97858.82,1781621.51,974933.29,5224336.15,730807.0,7.148722097626323,74.50942588125181,39.145161290322584
BROOKLYN,2020-02-01,54519153.0,95660.46,1835587.01,947433.7,5550674.8,731538.0,7.587678015359421,74.52675459101236,40.12068965517241
BROOKLYN,2020-03-01,48410901.0,97221.58,1634257.71,956158.15,5669524.41,731538.0,7.750143410185117,66.17687802957605,48.0
BROOKLYN,2020-04-01,49001455.0,93896.76,1653454.76,937058.65,2561593.05,731538.0,3.50165411776285,66.98415530020313,50.35
BROOKLYN,2020-05-01,24564607.0,49970.38,828698.25,502028.38,2949754.82,366738.0,8.043221100622242,66.98135180973884,60.29032258064516
BROOKLYN,2020-06-01,30326919.0,62399.81,1123787.35,636648.67,4714275.12,366738.0,12.854613157076715,82.69369140912586,73.7
BROOKLYN,2020-07-01,40249162.0,78637.15,1495467.96,799912.37,6101699.75,366738.0,16.637762517110307,109.74909063145897,80.03225806451613
BROOKLYN,2020-08-01,40084899.0,79437.72,1488922.83,809153.42,5949864.83,366738.0,16.223747825423054,109.30118776892496,76.87096774193549
BROOKLYN,2020-09-01,37203228.0,73906.44,1379944.65,751072.01,5475465.57,366738.0,14.9301833188816,101.44361369697168,68.76666666666667
BROOKLYN,2020-10-01,28439756.0,57729.87,959144.61,580714.1,3388429.54,366738.0,9.239373994513794,77.5478843206867,57.87096774193548
BROOKLYN,2020-11-01,26391971.0,51638.78,893832.65,516855.33,2734837.48,366738.0,7.457196908964983,71.96410243825292,52.95
BROOKLYN,2020-12-01,29157204.0,51326.33,982666.72,519244.93,3403818.36,366738.0,9.28133534021563,79.50418009587226,39.20967741935484
BROOKLYN,2021-01-01,29688891.0,49080.02,1101187.18,551686.79,3502710.55,365019.0,9.595967744144826,81.3351935104748,34.75806451612903
BROOKLYN,2021-02-01,26359950.0,48034.11,978545.8,536664.07,3556738.97,365019.0,9.743983107728639,72.21528194422756,34.160714285714285
BROOKLYN,2021-03-01,25216891.0,46545.29,935302.94,519302.73,3393745.43,365019.0,9.297448708149439,69.08377646095134,45.82258064516129
BROOKLYN,2021-04-01,25755510.0,46163.09,953549.34,514962.18,3786817.37,365019.0,10.374302077426107,70.55936814248025,54.583333333333336
BROOKLYN,2021-05-01,24013162.0,53782.6,889819.76,578500.27,3318022.97,365019.0,9.090000712291689,65.78606045164773,62.88709677419355
BROOKLYN,2021-06-01,29606213.0,63578.46,1199301.21,727362.4,4654683.82,365019.0,12.75189461370504,81.10869023256323,74.25
BROOKLYN,2021-07-01,37036152.0,74271.85,1502051.83,852219.52,6010660.07,365019.0,16.466704664688688,101.46362792073838,76.03225806451613
BROOKLYN,2021-08-01,37711215.0,73969.44,1522396.26,840309.68,6229660.89,365019.0,17.066675679896115,103.31301932228186,77.54838709677419
BROOKLYN,2021-09-01,33098875.0,71994.64,1340915.96,822811.69,5585565.94,365019.0,15.302123834649704,90.67712913574361,70.3
BROOKLYN,2021-10-01,27324748.0,56584.65,1013370.3099999999,633574.18,3918335.72,365019.0,10.734607568373153,74.85842654765916,62.0
BROOKLYN,2021-11-01,27468186.0,50016.73,1016656.53,552619.21,3411829.08,365019.0,9.346990375843449,75.25138691410584,46.233333333333334
BROOKLYN,2021-12-01,27240931.0,49471.48,1010591.91,549072.57,3848359.48,366889.0,10.489165605946212,74.24842663584899,43.75806451612903
BROOKLYN,2022-01-01,25415362.0,44027.67,980962.99,543425.16,3479184.36,334214.0,10.410049728616993,76.04517464857845,30.322580645161292
BROOKLYN,2022-02-01,22446472.0,41241.28,865945.27,509865.25,2730073.23,330558.0,8.258983990706623,67.90479129229969,37.32142857142857
BROOKLYN,2022-03-01,20777925.0,40590.84,798714.58,497387.07,3991870.15,329579.0,12.112028223885623,63.04383774451649,45.29032258064516
BROOKLYN,2022-04-01,21715852.0,40484.33,831888.18,496237.37,3503868.69,330558.0,10.599860508594558,65.69452864550246,52.75
BROOKLYN,2022-05-01,20212299.0,45496.03,775908.99,530308.56,3328968.27,332516.0,10.011452892492391,60.785944135019065,64.03225806451613
BROOKLYN,2022-06-01,23487526.0,50545.43,984153.38,639952.42,4287562.86,332516.0,12.894305416882196,70.63577692502015,71.38333333333334
BROOKLYN,2022-07-01,33441836.0,63546.46,1389127.01,800020.93,6028976.49,332516.0,18.13138763247483,100.57211081572015,79.54838709677419
BROOKLYN,2022-08-01,31905081.0,64821.06,1331532.14,832672.95,5785996.91,332516.0,17.400657141310493,95.95051365949308,79.3225806451613
BROOKLYN,2022-09-01,28199895.0,56122.51,1181918.65,715151.63,5530176.2,332516.0,16.631308568610233,84.80763331689302,69.53333333333333
BROOKLYN,2022-10-01,22178280.0,41798.87,884672.67,520023.37,4335602.68,332516.0,13.038779126417976,66.69838443864356,56.88709677419355
BROOKLYN,2022-11-01,20866540.0,40300.18,835335.21,498610.09,3523323.14,332516.0,10.595950691094565,62.75349156130833,50.916666666666664
BROOKLYN,2022-12-01,22567119.0,40981.0,903265.36,512371.25,2821176.54,335453.0,8.410050111341976,67.27356440395525,38.46774193548387
BROOKLYN,2023-01-01,9922806.0,14880.54,543454.98,176071.12,1284046.78,151169.0,8.494114401762266,65.64048184482269,43.46774193548387
BROOKLYN,2023-02-01,7476822.0,14614.52,406767.85,158964.92,1352477.49,131913.0,10.252799117600237,56.67994814764276,41.107142857142854
BROOKLYN,2023-03-01,7525912.0,13592.62,411772.33,151286.72,915492.46,148611.0,6.16032770117959,50.64168870406632,44.62903225806452
BROOKLYN,2023-04-01,6843742.0,15691.4,372537.71,181617.43,986810.15,145777.0,6.769313060359316,46.94665139219493,57.6
BROOKLYN,2023-05-01,6491366.0,13588.49,363029.56,144537.72,931680.0599999999,152676.0,6.102334748094003,42.5172653200241,62.67741935483871
BROOKLYN,2023-06-01,7515912.0,15497.07,434592.47,185320.07,1302641.24,150392.0,8.661639182935263,49.975477419011646,70.0
BROOKLYN,2023-07-01,11651470.0,21263.13,681843.29,259888.81,1954241.33,131339.0,14.8793681237104,88.71294893367545,79.04838709677419
BROOKLYN,2023-08-01,11891284.0,22432.79,687151.03,286923.96,2365197.58,149273.0,15.844778225131137,79.66131852377858,75.0
BROOKLYN,2023-09-01,11678382.0,26805.67,678594.65,339500.23,2417885.84,152087.0,15.898044145784977,76.7875097805861,69.4
BROOKLYN,2023-10-01,8126406.5,19384.33,439253.7,223210.75,1153794.25,141121.0,8.175921726745134,57.58467201904748,60.5
BROOKLYN,2023-11-01,8481236.0,13417.43,461537.6,151836.56,920936.21,128034.0,7.192903525626005,66.24206070262586,46.666666666666664
BROOKLYN,2023-12-01,8976971.01,15055.74,484478.36,170238.75,1263939.72,133476.0,9.469415625280948,67.25531938325992,44.61290322580645
BROOKLYN,2024-01-01,22840877.0,38490.24,1169208.75,442119.78,3063342.34,211817.0,14.462211909336833,107.83306816733312,36.983870967741936
BROOKLYN,2024-02-01,20652783.0,37228.67,1052719.05,422640.16,2963670.3,212735.0,13.931277410863279,97.08220556090912,40.05172413793103
BROOKLYN,2024-03-01,19528510.0,37141.97,998138.79,417753.21,3190839.12,214571.0,14.870784588784133,91.0118795177354,48.12903225806452
BROOKLYN,2024-04-01,20441209.0,36451.34,1028130.04,408293.63,2919433.19,209063.0,13.964370500758145,97.77535479735774,55.61666666666667
BROOKLYN,2024-05-01,18487332.0,36956.65,932903.11,421077.25,3009304.05,211817.0,14.20709409537478,87.27973675389605,64.96774193548387
BROOKLYN,2024-06-01,23588179.18,99431.77,1297703.64,566009.58,4232316.53,215505.0,19.63906419804645,109.45536846012854,75.05
BROOKLYN,2024-07-01,33353123.0,59085.62,1818721.16,681125.47,6317463.82,211507.0,29.86881672946995,157.69276194168515,79.64516129032258
BROOKLYN,2024-08-01,29094068.84,125356.12000000001,1595204.07,664300.88,5360415.43,211507.0,25.343915000449158,137.55605648985613,75.11290322580645
BROOKLYN,2024-09-01,24077825.0,54337.51,1320092.07,621666.48,4662317.17,211817.0,22.011062237686303,113.67276941888517,68.81666666666666
BROOKLYN,2024-10-01,19187209.0,39845.78,964555.11,453650.4,2952790.01,211507.0,13.96072002345076,90.71666185989116,60.91935483870968
BROOKLYN,2024-11-01,21281276.16,38276.42,1069444.71,429364.43,2914114.89,215195.0,13.541740700295081,98.89298617532936,51.416666666666664
BROOKLYN,2024-12-01,21147901.0,38390.11,1066501.83,431171.66,3285694.76,211507.0,15.534685660521873,99.98676639543845,38.24193548387097
MANHATTAN,2016-01-01,28818861.0,49744.06,1185984.39,996830.7,3128796.7600000002,348499.0,8.977921773089736,82.69424302508759,34.45161290322581
MANHATTAN,2016-02-01,26469098.0,49488.36,1096421.83,1002056.39,2770534.36,348499.0,7.949906197722231,75.95171865629456,37.706896551724135
MANHATTAN,2016-03-01,24309796.0,47748.2,870659.74,931018.93,2735996.29,348499.0,7.850800977908115,69.75571235498523,48.87096774193548
MANHATTAN,2016-04-01,25855780.0,47517.75,920440.82,929614.75,2652256.08,348499.0,7.610512741786921,74.19183412290997,53.333333333333336
MANHATTAN,2016-05-01,23786998.0,45894.65,851007.02,928659.58,2395333.04,348499.0,6.873285260502899,68.25557031727494,62.79032258064516
MANHATTAN,2016-06-01,33302636.0,67227.32,1358390.83,994810.18,4240301.89,349609.0,12.128697745195346,95.25680402964454,72.25
MANHATTAN,2016-07-01,44023203.0,80765.47,1784776.02,1203416.15,5792023.73,348432.0,16.623110764797723,126.34661282545805,78.6774193548387
MANHATTAN,2016-08-01,43879367.0,86678.87,1786616.53,1285454.59,5743559.68,348432.0,16.484018919043027,125.93380343940855,79.1774193548387
MANHATTAN,2016-09-01,38708190.0,78799.32,1579397.33,1162487.67,5396725.48,348432.0,15.488604605776738,111.0925230748037,71.8
MANHATTAN,2016-10-01,28399831.0,63204.43,1010953.43,976436.88,3513724.87,348432.0,10.084391990402718,81.50752801120449,58.75806451612903
MANHATTAN,2016-11-01,26142980.0,51256.55,934787.55,963433.9400000001,2522301.03,348432.0,7.239005114340817,75.03036460485833,49.766666666666666
MANHATTAN,2016-12-01,27079858.0,49454.29,971439.68,967934.05,2954178.11,348432.0,8.478492532258805,77.71920489507278,38.33870967741935
MANHATTAN,2017-01-01,26706054.0,45577.43,1091601.13,891629.46,2969775.97,337387.0,8.802283342274599,79.1555513401524,38.016129032258064
MANHATTAN,2017-02-01,23536382.0,43973.64,970589.73,883838.54,2938087.19,337387.0,8.70835921360337,69.76078509249022,41.625
MANHATTAN,2017-03-01,23983854.0,43905.67,983081.88,881475.86,2845514.15,337387.0,8.433976857436711,71.08707211599736,39.17741935483871
MANHATTAN,2017-04-01,22198652.0,42935.659999999996,914118.29,879432.17,2730291.97,337387.0,8.092463461840557,65.79581311668795,57.15
MANHATTAN,2017-05-01,22373037.0,62521.96,919925.37,937050.65,3148486.06,337387.0,9.331972067684884,66.31268246850057,61.08064516129032
MANHATTAN,2017-06-01,27596070.0,73098.59,1279917.12,1088381.23,4718627.4,337387.0,13.985800875552409,81.79351901525548,71.98333333333333
MANHATTAN,2017-07-01,40319733.0,74813.4,1851172.28,1124843.75,6054728.77,336379.0,17.99972284238909,119.86400161722342,76.7741935483871
MANHATTAN,2017-08-01,33040389.0,66570.12,1527469.77,993662.27,4844404.78,336379.0,14.401626677051778,98.22369707978203,74.03225806451613
MANHATTAN,2017-09-01,28156283.0,69188.18,1306679.91,1031017.69,4765294.63,316783.0,15.042772591963583,88.88192548211236,70.51666666666667
MANHATTAN,2017-10-01,28090814.0,61749.82,1148943.76,909720.19,3621992.59,316453.0,11.445594100861738,88.76772854104718,64.12903225806451
MANHATTAN,2017-11-01,19020251.0,37282.35,783309.74,677252.5,2126277.95,252819.0,8.410277510788351,75.23268029697135,46.63333333333333
MANHATTAN,2017-12-01,18178186.0,33048.18,750275.14,617881.6,2233344.99,237735.0,9.394262477127896,76.46407133993732,35.03225806451613
MANHATTAN,2019-01-01,23135468.0,41790.1,870366.06,409279.67,2682164.84,321298.0,8.347903939644816,72.00626209935947,32.516129032258064
MANHATTAN,2019-02-01,23285224.0,41106.05,871917.78,388774.11,2665885.98,309043.0,8.626262300068275,75.34622690046369,36.214285714285715
MANHATTAN,2019-03-01,20889649.0,38876.73,781417.38,373800.65,3250482.36,309043.0,10.517896732817116,67.59463569794495,41.725806451612904
MANHATTAN,2019-04-01,20639446.0,38296.14,768923.51,350866.57,2142775.68,307408.0,6.97046166657992,67.14023707906105,55.45
MANHATTAN,2019-05-01,20496569.0,45610.03,767519.7,433921.1,2767477.0,307408.0,9.002618669650758,66.6754573726123,62.16129032258065
MANHATTAN,2019-06-01,25142603.0,50519.05,1026873.42,477588.83,3328361.04,306863.0,10.846407158895012,81.9342931536223,71.65
MANHATTAN,2019-07-01,34789220.0,70723.03,1407797.92,677281.43,4860399.67,307408.0,15.810908206682974,113.16953364909176,79.56451612903226
MANHATTAN,2019-08-01,32741622.0,67203.0,1761460.59,650885.04,4680271.73,304108.0,15.39016313283439,107.6644547331869,75.5
MANHATTAN,2019-09-01,32952323.0,72691.37,1337016.05,716133.8,4417072.88,350269.0,12.610516146161949,94.07718924597953,70.36666666666666
MANHATTAN,2019-10-01,26734773.0,63185.93,1003598.55,602393.02,2700315.17,350269.0,7.709261082196826,76.32640342137043,59.91935483870968
MANHATTAN,2019-11-01,23957118.0,45909.45,898954.91,444995.89,2522986.3,350269.0,7.2029962685821465,68.39634109784194,43.86666666666667
MANHATTAN,2019-12-01,27118553.0,46448.09,1015719.17,448294.74,2163898.49,350269.0,6.177819019096752,77.4220756047495,38.306451612903224
MANHATTAN,2020-01-01,51482078.0,91581.05,1718932.57,951239.53,4808209.74,694976.0,6.918526308822176,74.07749044571324,39.145161290322584
MANHATTAN,2020-02-01,52144906.0,90125.84,1731874.83,924889.51,5227729.71,696922.0,7.501169011740195,74.82172466933172,40.12068965517241
MANHATTAN,2020-03-01,47552906.0,90866.75,1585365.26,927554.99,5337199.61,694976.0,7.679689097177457,68.4238103186297,48.0
MANHATTAN,2020-04-01,47924970.0,89001.0,1597794.95,914901.5,2185266.33,696922.0,3.1355967095313395,68.76661950691756,50.35
MANHATTAN,2020-05-01,23576377.0,46582.54,778605.93,485282.93,2754623.24,348461.0,7.905112021144404,67.65858159162718,60.29032258064516
MANHATTAN,2020-06-01,32085141.0,67160.3,1160457.86,713595.55,5356719.82,348461.0,15.372508889086584,92.07670585804438,73.7
MANHATTAN,2020-07-01,41547237.0,80596.65,1524516.45,854295.24,6861127.06,347488.0,19.744932371765355,119.56452309144488,80.03225806451613
MANHATTAN,2020-08-01,42148891.0,82027.4,1548105.71,862505.86,6688527.41,351052.0,19.052811008055787,120.0645232045395,76.87096774193549
MANHATTAN,2020-09-01,36851986.0,74842.97,1345664.26,782674.71,5899719.91,351052.0,16.805829079452618,104.97586112598704,68.76666666666667
MANHATTAN,2020-10-01,25639614.0,54100.6,852871.73,562069.58,3166052.43,351052.0,9.018756281120746,73.03651310916901,57.87096774193548
MANHATTAN,2020-11-01,25043615.0,47236.92,835577.36,491918.87,2495839.18,350811.0,7.114483810370827,71.38777005282047,52.95
MANHATTAN,2020-12-01,28175155.0,48781.78,951352.9,512374.94,3105457.0100000002,350811.0,8.852222450265243,80.31434305081653,39.20967741935484
MANHATTAN,2021-01-01,27888468.0,44881.46,1038461.49,537922.23,3098732.49,312887.0,9.9036792516148,89.13271564494529,34.75806451612903
MANHATTAN,2021-02-01,24474992.0,44613.27,913332.26,540399.65,3335907.72,313120.0,10.653767629024017,78.16489524782831,34.160714285714285
MANHATTAN,2021-03-01,23270171.0,44017.74,869441.72,523241.18,3149585.67,313120.0,10.058717648185999,74.31710206949413,45.82258064516129
MANHATTAN,2021-04-01,24198349.0,43291.51,898807.8200000001,507600.18,3486122.15,313120.0,11.133502012008176,77.28139052120592,54.583333333333336
MANHATTAN,2021-05-01,22643950.0,56632.01,841943.51,603989.04,3273839.66,313120.0,10.45554311446091,72.31716274910578,62.88709677419355
MANHATTAN,2021-06-01,29851650.0,67950.68,1215489.89,830745.66,5179705.82,313987.0,16.496561386299433,95.07288518314452,74.25
MANHATTAN,2021-07-01,37060418.0,77810.39,1511414.99,953092.9,6791476.73,313987.0,21.629802284807973,118.0316955797533,76.03225806451613
MANHATTAN,2021-08-01,38218374.0,76334.58,1545682.98,928834.32,6920481.72,313987.0,22.040663212171204,121.71960622573546,77.54838709677419
MANHATTAN,2021-09-01,33470725.0,73365.37,1364103.62,891616.46,6304627.41,313987.0,20.079262549086426,106.59907894275878,70.3
MANHATTAN,2021-10-01,24868463.0,53813.27,926293.93,650725.87,3788094.41,313987.0,12.064494421743575,79.20220582380799,62.0
MANHATTAN,2021-11-01,24564961.0,44758.56,911669.66,532885.51,3157865.84,313987.0,10.05731396522786,78.23559892607018,46.233333333333334
MANHATTAN,2021-12-01,25094714.0,45156.53,935133.43,542787.56,3519758.46,313987.0,11.209885950692225,79.92278024249411,43.75806451612903
MANHATTAN,2022-01-01,26436499.0,45395.87,1001838.49,604989.33,3514105.87,297051.0,11.829974886467307,88.99649891769427,30.322580645161292
MANHATTAN,2022-02-01,23835687.0,44438.09,905680.13,581383.8,2867004.79,297051.0,9.651557442998003,80.24105961602554,37.32142857142857
MANHATTAN,2022-03-01,22531584.0,43111.24,855543.47,565874.23,4201482.85,297051.0,14.14397813843414,75.85089429087934,45.29032258064516
MANHATTAN,2022-04-01,23619102.0,42920.08,893248.24,565885.57,3715819.75,297051.0,12.50902959424476,79.51194239373037,52.75
MANHATTAN,2022-05-01,22576964.0,55749.73,854723.76,648041.22,3716174.67,297051.0,12.510224405910096,76.00366267071985,64.03225806451613
MANHATTAN,2022-06-01,27497695.0,62506.13,1143007.77,840624.06,5290246.73,296209.0,17.859844670486044,92.8320712739991,71.38333333333334
MANHATTAN,2022-07-01,39978249.0,75315.33,1642750.56,994833.43,7418641.18,296209.0,25.045292951935963,134.96635483729395,79.54838709677419
MANHATTAN,2022-08-01,37493292.0,77784.27,1547823.94,1051631.11,7176235.74,296209.0,24.226933482777365,126.57715329378918,79.3225806451613
MANHATTAN,2022-09-01,32215092.0,66049.52,1331903.47,877293.55,6631548.57,296209.0,22.388072509613146,108.75797831936234,69.53333333333333
MANHATTAN,2022-10-01,24030310.0,43831.75,909496.11,576536.14,4476260.03,296209.0,15.111829924141402,81.12619805610228,56.88709677419355
MANHATTAN,2022-11-01,22449198.0,42575.66,851580.71,559091.96,3606746.92,296209.0,12.176358314568429,75.78837239921812,50.916666666666664
MANHATTAN,2022-12-01,24145644.0,42593.91,917965.88,571706.25,2832791.93,294435.0,9.62111138281794,82.0067043659891,38.46774193548387
MANHATTAN,2023-01-01,6500512.0,10879.369999999999,335221.11,128746.1,877912.18,82504.0,10.640843837874527,78.79026471443808,43.46774193548387
MANHATTAN,2023-02-01,4858717.0,9997.92,253141.98,118544.7,902261.31,76744.0,11.75676678307099,63.31070832898989,41.107142857142854
MANHATTAN,2023-03-01,5556841.0,9582.04,287033.31,109619.51,672509.48,77417.0,8.686845008202333,71.77804616557087,44.62903225806452
MANHATTAN,2023-04-01,6894263.0,12777.98,355017.98,154680.74,897450.62,122692.0,7.314662895706322,56.19162618589639,57.6
MANHATTAN,2023-05-01,6895777.0,13427.34,354287.96,158562.42,909289.64,119617.0,7.601675681550281,57.64880409975171,62.67741935483871
MANHATTAN,2023-06-01,7387821.0,14303.34,405816.2,174864.46,1258567.34,116774.0,10.777804477023995,63.26597530272149,70.0
MANHATTAN,2023-07-01,12970781.0,22568.86,706613.21,271420.2,2304531.48,126638.0,18.19778802571108,102.42408281874319,79.04838709677419
MANHATTAN,2023-08-01,10161527.0,22154.27,556516.6,267774.01,2009110.38,122764.0,16.365631455475544,82.77285686357564,75.0
MANHATTAN,2023-09-01,9667994.0,21317.29,531861.96,261341.02,1988460.39,136414.0,14.576659213863678,70.8724471095342,69.4
MANHATTAN,2023-10-01,5497744.0,10639.2,288924.98,125378.9,747387.64,110280.0,6.77718208197316,49.85259339862169,60.5
MANHATTAN,2023-11-01,6706046.0,11084.42,355376.22,136458.79,750648.28,124788.0,6.015388338622303,53.739510209315,46.666666666666664
MANHATTAN,2023-12-01,6015443.0,12175.64,321807.95,158784.6,866652.37,108161.0,8.012614250977709,55.61563779920674,44.61290322580645
MANHATTAN,2024-01-01,22574134.0,37305.87,1138141.95,442424.27,2858022.8,259838.0,10.999248762690598,86.87772381252934,36.983870967741936
MANHATTAN,2024-02-01,20150242.0,41210.88,1010630.96,422826.29,2754702.41,260865.0,10.559877369520635,77.24394610239013,40.05172413793103
MANHATTAN,2024-03-01,19299201.0,35434.03,967204.47,406764.91,2971156.02,261752.0,11.351034643479323,73.7308635655124,48.12903225806452
MANHATTAN,2024-04-01,20514869.0,35067.06,1027477.5,403865.39,2747970.0100000002,262639.0,10.462916817380512,78.11052052436995,55.61666666666667
MANHATTAN,2024-05-01,18934902.0,37679.71,949289.1,442017.03,2925039.63,261752.0,11.174851118616095,72.33909196491335,64.96774193548387
MANHATTAN,2024-06-01,26055156.0,56519.14,1433130.33,672605.27,4935411.87,262639.0,18.791618419198976,99.20520562445029,75.05
MANHATTAN,2024-07-01,36982108.0,65918.91,2022415.4,787400.78,7451475.72,262207.0,28.418294400988533,141.0416502991911,79.64516129032258
MANHATTAN,2024-08-01,31220329.0,62539.59,1709441.9,749924.29,6163033.93,262207.0,23.50445994958182,119.06748866353682,75.11290322580645
MANHATTAN,2024-09-01,25083173.0,58348.87,1374648.49,688966.57,5306659.63,261778.0,20.271602770286272,95.81849124066957,68.81666666666666
MANHATTAN,2024-10-01,19370955.0,38642.89,972507.51,453788.91000000003,2917133.83,262665.0,11.105909923286315,73.74775855176746,60.91935483870968
MANHATTAN,2024-11-01,21867118.0,37204.33,1096420.61,435259.85,2755587.91,264897.0,10.402488174649015,82.5495116969992,51.416666666666664
MANHATTAN,2024-12-01,21182594.0,36166.83,1065612.18,424583.23,3224744.88,263123.0,12.255655643938386,80.50453210095658,38.24193548387097
QUEENS,2016-01-01,9323774.0,16013.84,377784.16,270003.37,976287.3,124263.0,7.856621037637914,75.03258411594763,34.45161290322581
QUEENS,2016-02-01,8449709.0,16336.65,344221.81,271091.96,898578.85,124263.0,7.231266346378246,67.99859169664342,37.706896551724135
QUEENS,2016-03-01,8004895.0,14481.05,291320.73,252739.41,894388.47,124263.0,7.197544482267449,64.41897427230954,48.87096774193548
QUEENS,2016-04-01,7870784.0,15050.44,284118.8,248864.84,821554.25,124263.0,6.611414902263747,63.33972300684838,53.333333333333336
QUEENS,2016-05-01,8860474.0,21614.92,325490.14,271692.93,932130.23,130563.0,7.139313817850386,67.86359075695258,62.79032258064516
QUEENS,2016-06-01,9663016.0,23962.99,398601.37,319160.35,1351223.15,124263.0,10.873897700844177,77.76261638621311,72.25
QUEENS,2016-07-01,13662126.0,30267.29,564101.63,421374.95,2016213.24,124263.0,16.225370705680692,109.94524516549576,78.6774193548387
QUEENS,2016-08-01,13795423.0,32125.85,570001.02,448720.27,2031225.6400000001,124263.0,16.346182210312,111.01794580848684,79.1774193548387
QUEENS,2016-09-01,13051418.0,28096.46,541316.29,430603.88,1996330.57,128169.0,15.57576769733711,101.82975602524792,71.8
QUEENS,2016-10-01,8654818.0,18187.8,313228.49,257339.94,1112094.23,124263.0,8.949520211165028,69.64919565759719,58.75806451612903
QUEENS,2016-11-01,8433708.0,15636.09,306365.85,258664.69,896824.89,124263.0,7.217151444919244,67.86982448516453,49.766666666666666
QUEENS,2016-12-01,8845408.0,15299.98,347578.73,261469.35,1027985.74,124263.0,8.272661532395,71.18295872464049,38.33870967741935
QUEENS,2017-01-01,9194030.0,15850.55,321172.84,266475.96,1076345.18,123699.0,8.701324828818342,74.32582316752763,38.016129032258064
QUEENS,2017-02-01,8203128.0,14465.18,277843.98,262147.18,1017156.72,123699.0,8.222837047995537,66.31523294448621,41.625
QUEENS,2017-03-01,8218349.0,14345.9,273807.94,262357.14,975691.9,123699.0,7.887629649390861,66.43828163525978,39.17741935483871
QUEENS,2017-04-01,7553703.0,14970.54,253245.3,264934.98,943217.15,123699.0,7.62509923281514,61.06519050275265,57.15
QUEENS,2017-05-01,8395367.0,22739.62,276660.12,272724.29,1143550.84,127765.0,8.950423355379018,65.70944311822487,61.08064516129032
QUEENS,2017-06-01,9209485.0,28170.93,370687.52,392223.47000000003,1686049.65,123699.0,13.630260956030364,74.45076354699715,71.98333333333333
QUEENS,2017-07-01,13200177.0,31769.93,535646.63,456659.47,2230557.4,123699.0,18.032137689067817,106.71207527950914,76.7741935483871
QUEENS,2017-08-01,11553211.0,26869.0,691806.1,378904.42,1828344.19,123699.0,14.780589899675826,93.39777201109143,74.03225806451613
QUEENS,2017-09-01,10360274.0,32426.52,403696.81,411829.46,1880914.05,127765.0,14.721669079951473,81.08851406879819,70.51666666666667
QUEENS,2017-10-01,9177524.0,19175.08,324472.27,265366.35,1180591.1,123699.0,9.544063411992013,74.19238635720579,64.12903225806451
QUEENS,2017-11-01,8777472.0,15748.7,295195.17,254550.26,997636.93,123699.0,8.06503633820807,70.95831009143161,46.63333333333333
QUEENS,2017-12-01,7258607.0,13448.84,238149.65,203954.82,899635.02,128593.0,6.995987495431322,56.44636177707962,35.03225806451613
QUEENS,2019-01-01,6994321.0,12263.69,414949.46,113755.3,777158.84,91633.0,8.481211353988192,76.32971745986708,32.516129032258064
QUEENS,2019-02-01,6295413.0,10891.24,345756.07,103154.16,696366.46,89122.0,7.813631426583783,70.63814770763672,36.214285714285715
QUEENS,2019-03-01,5638834.0,10956.23,297040.93,99451.69,784962.5599999999,90796.0,8.645342966650512,62.10443191330015,41.725806451612904
QUEENS,2019-04-01,5997254.0,10850.73,336435.45,103049.48,644711.96,89122.0,7.23403828459864,67.29263257108234,55.45
QUEENS,2019-05-01,5862665.0,14568.74,325168.82,121191.12,705483.59,89836.0,7.85301649672737,65.25963978805824,62.16129032258065
QUEENS,2019-06-01,6009943.0,17723.03,343960.68,191509.91999999998,753363.03,89122.0,8.453165660555195,67.43501043513386,71.65
QUEENS,2019-07-01,7599227.0,22413.63,451614.17,256110.36,1023299.29,89122.0,11.482005453198987,85.26768923498126,79.56451612903226
QUEENS,2019-08-01,7472734.0,21199.92,446790.46,250289.72,988087.86,89122.0,11.086912995668857,83.8483651623617,75.5
QUEENS,2019-09-01,10678821.0,27155.28,517062.55,330204.35,1643034.4,122607.0,13.400820507801349,87.0979715676919,70.36666666666666
QUEENS,2019-10-01,7347636.0,25637.42,250676.87,163768.67,787547.54,116034.0,6.787213575331369,63.32312942758157,59.91935483870968
QUEENS,2019-11-01,6597825.0,12972.12,236277.02,121808.22,664748.11,116034.0,5.728907992484961,56.86113552924143,43.86666666666667
QUEENS,2019-12-01,7333792.0,13073.99,288551.1,128905.14,598723.2,116034.0,5.159894513677025,63.203819570126,38.306451612903224
QUEENS,2020-01-01,14153462.0,25857.11,500978.73,270520.96,1285500.79,230116.0,5.586316423021433,61.505771002450935,39.145161290322584
QUEENS,2020-02-01,14025392.0,25361.12,488302.57,264228.47,1278413.36,229266.0,5.576114033480761,61.17519387959837,40.12068965517241
QUEENS,2020-03-01,13665400.0,25459.47,475056.24,255977.71,1298947.4,229266.0,5.665678295080823,59.6050003053222,48.0
QUEENS,2020-04-01,14057361.0,25582.41,485719.34,256130.48,681809.14,229607.0,2.969461471122396,61.22357332311297,50.35
QUEENS,2020-05-01,6489459.0,13313.78,232595.94,133873.66,692283.05,114633.0,6.039125295508275,56.61074036272278,60.29032258064516
QUEENS,2020-06-01,8567993.0,17414.12,333366.98,232266.89,1425667.54,114633.0,12.436798653092914,74.74281402388492,73.7
QUEENS,2020-07-01,11859827.0,23845.43,468786.46,311073.07,2043497.62,114633.0,17.826434098383537,103.45909991014804,80.03225806451613
QUEENS,2020-08-01,11684964.0,24751.89,454706.09,296260.62,1961455.22,114633.0,17.11073792014516,101.93368401769123,76.87096774193549
QUEENS,2020-09-01,10274306.0,23951.34,401934.84,286608.5,1772009.18,115315.0,15.366684126089407,89.09774097038546,68.76666666666667
QUEENS,2020-10-01,6773910.0,13911.88,262654.0,153022.36,839496.1,114633.0,7.323337084434674,59.09214624061134,57.87096774193548
QUEENS,2020-11-01,6794495.0,13664.4,248465.97,136882.03,688456.02,114633.0,6.005740231870404,59.27171931293781,52.95
QUEENS,2020-12-01,7882952.0,13623.03,289330.33,150003.0,850202.86,114633.0,7.416737414182652,68.7668646899235,39.20967741935484
QUEENS,2021-01-01,8000400.0,13022.039999999999,312448.92,158797.28,888152.94,113702.0,7.811234103182001,70.36287840143532,34.75806451612903
QUEENS,2021-02-01,6831778.0,12317.45,268052.18,150716.76,840858.5599999999,113038.0,7.438724676657407,60.43788814381005,34.160714285714285
QUEENS,2021-03-01,6606406.0,12529.2,269216.55,147742.24,838029.5,113702.0,7.370402455541679,58.10281261543332,45.82258064516129
QUEENS,2021-04-01,6655595.0,11938.81,274538.42,143894.74,922596.9,113038.0,8.161829650206126,58.87927068773333,54.583333333333336
QUEENS,2021-05-01,6678159.0,17549.69,280681.19,177226.56,921726.5,114034.0,8.082909483136609,58.56287598435554,62.88709677419355
QUEENS,2021-06-01,8328418.0,21515.59,371726.6,283771.58,1518855.7,113370.0,13.397333509746845,73.46227397018612,74.25
QUEENS,2021-07-01,10932731.0,23772.28,485184.71,338284.57,2087359.37,114698.0,18.19874252384523,95.31753823083227,76.03225806451613
QUEENS,2021-08-01,11232625.0,24040.56,544271.49,344864.24,2182252.13,115362.0,18.916559438983374,97.36850089284167,77.54838709677419
QUEENS,2021-09-01,10054678.8,24189.12,473013.01,329335.68,1979248.22,116358.0,17.00998831193386,86.41158149847884,70.3
QUEENS,2021-10-01,7722209.0,15732.48,407962.52,195147.06,1093845.56,115030.0,9.509219855689821,67.13213074850039,62.0
QUEENS,2021-11-01,8734019.0,13536.01,443236.45,163548.62,968104.03,115030.0,8.416100408589063,75.92818395201252,46.233333333333334
QUEENS,2021-12-01,6475152.0,12256.84,378695.93,155330.4,937461.97,114698.0,8.173307032380686,56.453922474672616,43.75806451612903
QUEENS,2022-01-01,7971651.0,11645.5,447392.53,163438.82,1036953.54,112148.0,9.246295431037558,71.0815261975247,30.322580645161292
QUEENS,2022-02-01,6954036.0,12559.77,394270.05,168247.81,846242.12,111818.0,7.568031265091488,62.190666976694274,37.32142857142857
QUEENS,2022-03-01,6692420.0,13142.93,381349.44,165954.51,1191760.39,111818.0,10.65803707810907,59.8510078878177,45.29032258064516
QUEENS,2022-04-01,7232652.0,12155.66,404212.23,161553.14,1093567.25,111818.0,9.779885617700192,64.68235883310379,52.75
QUEENS,2022-05-01,7298282.0,17292.45,411361.35,186465.23,1107185.45,112478.0,9.84357340991127,64.88630665552375,64.03225806451613
QUEENS,2022-06-01,8104501.0,19828.670000000002,480314.2,301084.2,1673440.5,111818.0,14.96575238333721,72.4793950884473,71.38333333333334
QUEENS,2022-07-01,11759412.0,23782.69,644457.97,374260.34,2403430.2,111488.0,21.557747919058556,105.47693025258324,79.54838709677419
QUEENS,2022-08-01,11484406.0,23586.74,683844.97,395306.16,2404746.98,111818.0,21.505902269759787,102.70623692071044,79.3225806451613
QUEENS,2022-09-01,10242770.0,22211.74,637483.8,344287.91,2246789.6,111818.0,20.093272997191868,91.60215707667817,69.53333333333333
QUEENS,2022-10-01,7189753.0,12979.76,344266.02,168550.42,1293023.78,111488.0,11.597874031285878,64.48903020952928,56.88709677419355
QUEENS,2022-11-01,6801681.0,12500.57,382071.47,165722.87,1073362.04,111158.0,9.656183450583853,61.189307112398566,50.916666666666664
QUEENS,2022-12-01,7458141.0,12883.15,431944.46,176537.09,937819.3,111158.0,8.436813364760072,67.09495492901995,38.46774193548387
QUEENS,2023-01-01,3963494.0,8495.6,206246.7,98221.79,603819.36,63757.0,9.47063632228618,62.16562887212385,43.46774193548387
QUEENS,2023-02-01,4011208.0,7434.68,208187.8,83566.17,764929.73,76423.0,10.009156013242087,52.48692147651885,41.107142857142854
QUEENS,2023-03-01,5080038.0,8563.57,261729.4,98197.59,590757.67,83429.0,7.080963094367666,60.89055364441621,44.62903225806452
QUEENS,2023-04-01,3262872.0,8343.01,169981.56,95774.02,503417.98,62853.0,8.009450304679172,51.91274879480693,57.6
QUEENS,2023-05-01,3166570.0,6552.92,164958.81,72721.88,476412.79,59029.0,8.070826034660929,53.64431042369005,62.67741935483871
QUEENS,2023-06-01,3545426.0,6802.22,196940.6,76736.04,563561.55,59029.0,9.547197987429907,60.06244388351488,70.0
QUEENS,2023-07-01,5579434.0,10004.47,309292.84,111787.04,843818.44,59029.0,14.294981110979348,94.52021887546799,79.04838709677419
QUEENS,2023-08-01,4925528.0,10135.08,273365.38,113745.39,845302.36,58165.0,14.532835210177941,84.68199088799106,75.0
QUEENS,2023-09-01,4755134.0,10427.36,264023.48,117310.04,832916.88,58165.0,14.319898220579386,81.75249720622368,69.4
QUEENS,2023-10-01,3119405.5,6213.97,163560.21,67871.82,436211.13,60119.0,7.255794840233537,51.8871820888571,60.5
QUEENS,2023-11-01,3502344.0,7792.32,183585.29,85648.23,469663.8,62828.0,7.475389953523907,55.74495447889476,46.666666666666664
QUEENS,2023-12-01,4235596.0,7178.11,220813.68,79415.77,652564.81,62828.0,10.38652845864901,67.41573820589547,44.61290322580645
QUEENS,2024-01-01,7231709.0,11081.59,442454.14,143954.76,902106.15,108178.0,8.339090665384829,66.85008966703026,36.983870967741936
QUEENS,2024-02-01,6551199.0,11078.48,408082.05,141629.36,894957.96,107850.0,8.298173018080668,60.74361613351878,40.05172413793103
QUEENS,2024-03-01,6199637.0,10987.22,385860.63,134506.46,934280.22,108178.0,8.636508532233911,57.30959159903123,48.12903225806452
QUEENS,2024-04-01,7278778.0,11233.71,480459.76,155372.04,991317.08,115472.0,8.584913052514896,63.035004156851876,55.61666666666667
QUEENS,2024-05-01,7023352.0,38210.75,494476.15,170180.63,1084597.08,116574.0,9.303936383756241,60.248014136943056,64.96774193548387
QUEENS,2024-06-01,8211158.0,16764.54,558404.37,252899.38,1611137.81,110264.0,14.611639429006749,74.46816730755278,75.05
QUEENS,2024-07-01,11496081.0,19746.28,790795.72,324660.23,2552121.26,111248.0,22.9408282396088,103.33741730188407,79.64516129032258
QUEENS,2024-08-01,9858369.0,18928.2,703034.73,316294.56,2200836.38,109818.0,20.040761805897027,89.77006501666393,75.11290322580645
QUEENS,2024-09-01,7934075.0,16999.36,587501.87,295176.4,1925438.23,111911.0,17.205084665493114,70.89629258964713,68.81666666666666
QUEENS,2024-10-01,5994897.0,11328.8,398503.89,156177.46,990563.07,109818.0,9.020042889143856,54.58938425394744,60.91935483870968
QUEENS,2024-11-01,6644963.0,10409.67,437894.39,143118.28,896756.76,109162.0,8.214916912478701,60.87249225921108,51.416666666666664
QUEENS,2024-12-01,6482782.0,10354.73,443547.2,146026.72,1250246.88,108506.0,11.522375536836671,59.74583893978213,38.24193548387097
STATEN ISLAND,2016-01-01,2832217.0,4913.76,115653.56,87111.06,299092.75,11400.0,26.236206140350877,248.44008771929825,34.45161290322581
STATEN ISLAND,2016-02-01,2597312.0,4865.36,106061.87,86928.71,271203.57,11400.0,23.789786842105265,227.8343859649123,37.706896551724135
STATEN ISLAND,2016-03-01,2334327.0,4525.6,83725.62,78785.98000000001,262818.42,11400.0,23.054247368421052,204.7655263157895,48.87096774193548
STATEN ISLAND,2016-04-01,2435282.0,4372.24,87348.54,78844.03,253121.73,11400.0,22.20366052631579,213.62122807017545,53.333333333333336
STATEN ISLAND,2016-05-01,2259830.0,3736.16,81051.01000000001,69803.11,232389.69,11400.0,20.38506052631579,198.23070175438596,62.79032258064516
STATEN ISLAND,2016-06-01,3059285.0,6014.8,125271.54,87845.26,327388.9,11400.0,28.71832456140351,268.35833333333335,72.25
STATEN ISLAND,2016-07-01,3994637.0,7149.28,163555.49,104417.24,414852.95,11400.0,36.39060964912281,350.4067543859649,78.6774193548387
STATEN ISLAND,2016-08-01,3974546.0,7619.04,162726.1,111349.32,413005.82999999996,11400.0,36.22858157894736,348.64438596491226,79.1774193548387
STATEN ISLAND,2016-09-01,3619019.0,7007.44,148175.04,102453.85,396246.56,11400.0,34.758470175438596,317.45780701754387,71.8
STATEN ISLAND,2016-10-01,2742358.0,5519.84,98337.3,81720.88,308924.51,11400.0,27.098641228070175,240.55771929824562,58.75806451612903
STATEN ISLAND,2016-11-01,2454251.0,4726.81,88036.04,84200.76,243825.42,11400.0,21.388194736842106,215.2851754385965,49.766666666666666
STATEN ISLAND,2016-12-01,2635940.0,4779.92,94530.44,81547.5,288099.82,11400.0,25.27191403508772,231.22280701754386,38.33870967741935
STATEN ISLAND,2017-01-01,2851426.0,4830.24,115164.12999999999,80973.54000000001,309431.81,11466.0,26.986901273329845,248.6853305424734,38.016129032258064
STATEN ISLAND,2017-02-01,2502771.0,4741.34,102600.01,83433.54000000001,311317.11,11466.0,27.151326530612245,218.27760334903192,41.625
STATEN ISLAND,2017-03-01,2545234.0,4613.92,104341.54,80044.15,297279.73,11466.0,25.92706523635095,221.98098726670156,39.17741935483871
STATEN ISLAND,2017-04-01,2283169.0,4309.76,93597.68,79863.05,279059.56,11466.0,24.33800453514739,199.12515262515262,57.15
STATEN ISLAND,2017-05-01,2311756.0,5929.44,94769.05,86473.17,319212.73,11466.0,27.839938077795217,201.6183499040642,61.08064516129032
STATEN ISLAND,2017-06-01,2820248.0,6792.88,129961.03,97160.22,379838.96,11466.0,33.127416710273856,245.96616082330368,71.98333333333333
STATEN ISLAND,2017-07-01,4004492.0,7187.32,184514.08000000002,102675.96,471888.91000000003,11466.0,41.15549537763824,349.2492586778301,76.7741935483871
STATEN ISLAND,2017-08-01,3356149.0,6502.32,154645.2,92862.42,383754.31,11466.0,33.46889150532007,292.7044304901448,74.03225806451613
STATEN ISLAND,2017-09-01,3021133.0,6856.4800000000005,139209.64,97938.54,380437.95,11466.0,33.17965724751439,263.48622012907725,70.51666666666667
STATEN ISLAND,2017-10-01,2683505.0,5417.36,109999.2,77588.23,306085.65,9554.0,32.037434582373876,280.87764287209546,64.12903225806451
STATEN ISLAND,2017-11-01,2258797.0,4306.96,92607.82,67293.52,242289.67,9554.0,25.360024073686414,236.42422022189658,46.63333333333333
STATEN ISLAND,2017-12-01,2343416.0,4056.24,96073.37,69448.20999999999,275220.92,9554.0,28.806878794222314,245.28113879003558,35.03225806451613
STATEN ISLAND,2019-01-01,2551499.0,4633.92,96862.09,43123.0,305910.62,11323.0,27.01674644528835,225.3377196855957,32.516129032258064
STATEN ISLAND,2019-02-01,2242466.0,332941.81,97601.71,41103.24,304845.28,11323.0,26.922660072418974,198.0452176984898,36.214285714285715
STATEN ISLAND,2019-03-01,2271568.0,4225.12,86233.14,39326.4,354197.77,11323.0,31.28126556566281,200.6153846153846,41.725806451612904
STATEN ISLAND,2019-04-01,2214876.0,4058.4,84083.44,37748.54,245017.4,11323.0,21.63891194913009,195.60858429744766,55.45
STATEN ISLAND,2019-05-01,2235316.0,4893.68,84855.65,45605.2,311035.91,11323.0,27.469390620860192,197.41375960434513,62.16129032258065
STATEN ISLAND,2019-06-01,2804672.0,5110.08,116139.98000000001,47613.32,320071.87,11323.0,28.26740881391857,247.69690011481057,71.65
STATEN ISLAND,2019-07-01,3872928.0,7414.16,160368.92,69179.53,441106.65,11323.0,38.95669433895611,342.04080190762164,79.56451612903226
STATEN ISLAND,2019-08-01,3095699.0,5962.16,128188.53,55588.82,345410.69,11323.0,30.505227413229708,273.39918749448026,75.5
STATEN ISLAND,2019-09-01,3237376.0,6448.0,134051.98,60175.96,279117.44,11323.0,24.650484853837323,285.9115075510024,70.36666666666666
STATEN ISLAND,2019-10-01,2572356.0,5838.32,97645.66,54449.51,234702.42,11323.0,20.72793605934823,227.17972268833347,59.91935483870968
STATEN ISLAND,2019-11-01,2284356.0,4185.76,86717.94,38949.31,246828.26,11323.0,21.798839530159853,201.74476728782125,43.86666666666667
STATEN ISLAND,2019-12-01,2600236.0,4912.3,98713.51000000001,45741.08,216258.28,11323.0,19.09902675969266,229.64196767641084,38.306451612903224
STATEN ISLAND,2020-01-01,4960976.0,8351.52,167117.48,83263.9,475255.52,30612.0,15.525137854436169,162.05984581209984,39.145161290322584
STATEN ISLAND,2020-02-01,5002952.0,8125.12,168529.6,81016.7,512799.2,30612.0,16.7515745459297,163.4310727819156,40.12068965517241
STATEN ISLAND,2020-03-01,4490096.0,8220.64,151254.52,81973.7,524622.82,30612.0,17.137815889193778,146.67764275447536,48.0
STATEN ISLAND,2020-04-01,4526288.0,7089.68,152472.12,70663.56,207128.56,30612.0,6.76625375669672,147.85992421272704,50.35
STATEN ISLAND,2020-05-01,2277544.0,4306.72,76721.06,42937.49,265490.34,15306.0,17.345507644061154,148.80073173918726,60.29032258064516
STATEN ISLAND,2020-06-01,3033260.0,6057.2,112638.35,60436.2,409346.12,15306.0,26.744160459950347,198.17457206324318,73.7
STATEN ISLAND,2020-07-01,3899712.0,7133.52,144810.91,71188.63,484725.19,15306.0,31.668965765059454,254.78322226577814,80.03225806451613
STATEN ISLAND,2020-08-01,3907008.0,7268.48,145081.18,72534.6,473436.12,15306.0,30.93140729125833,255.25989807918464,76.87096774193549
STATEN ISLAND,2020-09-01,3481076.0,6707.84,129265.87999999999,66935.62,410665.97,15306.0,26.830391349797463,227.43211812361164,68.76666666666667
STATEN ISLAND,2020-10-01,2485384.0,4673.68,83720.16,46610.72,265878.75,15306.0,17.370883967071737,162.3797203710963,57.87096774193548
STATEN ISLAND,2020-11-01,2466436.0,4368.64,83083.61,43567.47,235587.88,15306.0,15.39186462825036,161.14177446752907,52.95
STATEN ISLAND,2020-12-01,2726956.0,4411.36,91859.51000000001,43995.61,299909.92,15306.0,19.59427152750555,178.1625506337384,39.20967741935484
STATEN ISLAND,2021-01-01,2779584.0,4213.04,102852.82,45255.94,313330.57,11313.0,27.696505789799346,245.69822328294882,34.75806451612903
STATEN ISLAND,2021-02-01,2460892.0,4380.0,91059.64,47047.94,332960.3,11313.0,29.43165384955361,217.52779987624857,34.160714285714285
STATEN ISLAND,2021-03-01,2294720.0,4113.04,84911.15,44179.93,315488.44,11313.0,27.88724829841775,202.83921152656237,45.82258064516129
STATEN ISLAND,2021-04-01,2370664.0,3976.2400000000002,87720.76000000001,42710.93,352837.97,11313.0,31.18871828869442,209.55219658799612,54.583333333333336
STATEN ISLAND,2021-05-01,2265556.0,5504.5599999999995,83831.6,59150.869999999995,350061.08,11313.0,30.943258198532664,200.26129231857155,62.88709677419355
STATEN ISLAND,2021-06-01,2942824.0,6372.08,119014.0,68486.72,415751.37,11313.0,36.749878016441265,260.1276407672589,74.25
STATEN ISLAND,2021-07-01,3720088.0,7314.4,141393.8,87667.75,514164.64,11313.0,45.44900910456997,328.8330239547423,76.03225806451613
STATEN ISLAND,2021-08-01,3746576.0,7050.16,151519.03999999998,75759.53,511412.61,11313.0,45.205746486343145,331.1744011314417,77.54838709677419
STATEN ISLAND,2021-09-01,3295000.0,6825.599999999999,133257.18,73359.61,458276.16,11313.0,40.50880933439406,291.25784495712895,70.3
STATEN ISLAND,2021-10-01,2482328.0,5228.0,91852.58,56158.55,345583.06,11313.0,30.54742862193936,219.42261115530806,62.0
STATEN ISLAND,2021-11-01,2362196.0,4055.2,87407.81999999999,43543.36,306233.33999999997,11313.0,27.069154070538318,208.80367718553876,46.233333333333334
STATEN ISLAND,2021-12-01,2404528.0,4147.92,88974.59,44542.83,347304.61,11313.0,30.699603111464686,212.54556704676037,43.75806451612903
STATEN ISLAND,2022-01-01,2655836.0,4353.76,102898.54,51032.68,357360.13,14897.0,23.98873128817883,178.27992213197288,30.322580645161292
STATEN ISLAND,2022-02-01,2340196.0,4209.28,90672.25,49311.13,293261.85,14897.0,19.685966973216082,157.09176344230383,37.32142857142857
STATEN ISLAND,2022-03-01,2180160.0,4037.84,84471.69,47299.69,415341.93,14897.0,27.88091092166208,146.3489293146271,45.29032258064516
STATEN ISLAND,2022-04-01,2293228.0,4035.68,88856.05,47267.7,353440.5,14897.0,23.72561589581795,153.9389138752769,52.75
STATEN ISLAND,2022-05-01,2207188.0,5212.96,85520.23,61137.8,390356.44,14897.0,26.203694703631605,148.16325434651273,64.03225806451613
STATEN ISLAND,2022-06-01,2734948.0,5800.8,115351.95,68023.68,423110.72000000003,14897.0,28.402411223736326,183.59052158152647,71.38333333333334
STATEN ISLAND,2022-07-01,3983748.0,7184.24,168007.68,84296.67,574392.68,14897.0,38.55760757199437,267.4194804323018,79.54838709677419
STATEN ISLAND,2022-08-01,3723732.0,7320.72,157036.07,85901.67,548570.04,14897.0,36.82419547559912,249.96522789823453,79.3225806451613
STATEN ISLAND,2022-09-01,3224880.0,6184.24,136002.25,72575.05,521403.98,14897.0,35.00060280593408,216.47848560112774,69.53333333333333
STATEN ISLAND,2022-10-01,2432332.0,4120.08,94221.11,48302.37,429251.74,14897.0,28.81464321675505,163.27663287910318,56.88709677419355
STATEN ISLAND,2022-11-01,2226464.0,4110.48,86252.54,48203.52,360934.15,14897.0,24.22864670739075,149.45720614888904,50.916666666666664
STATEN ISLAND,2022-12-01,2421448.0,4097.04,93810.39,48035.17,281172.74,14897.0,18.87445391689602,162.54601597637108,38.46774193548387
STATEN ISLAND,2023-01-01,135440.0,243.2,7078.1,2675.2,21002.0,1788.0,11.746085011185682,75.74944071588367,43.46774193548387
STATEN ISLAND,2023-02-01,375920.0,1356.3600000000001,19645.57,14919.960000000001,90580.52,2682.0,33.773497390007456,140.1640566741238,41.107142857142854
STATEN ISLAND,2023-03-01,601760.0,302.4,31447.98,3326.4,60596.59,2682.0,22.593806860551826,224.36987322893364,44.62903225806452
STATEN ISLAND,2023-04-01,123360.0,297.6,6446.8,3273.6,21744.44,2682.0,8.107546607009693,45.99552572706935,57.6
STATEN ISLAND,2023-05-01,120320.0,285.6,6287.93,3141.6,21150.65,2682.0,7.886148396718867,44.862043251304996,62.67741935483871
STATEN ISLAND,2023-06-01,140640.0,321.6,7833.650000000001,3537.6000000000004,24777.170000000002,2682.0,9.238318419090232,52.43847874720358,70.0
STATEN ISLAND,2023-07-01,229280.0,416.8,12770.9,4584.8,33186.64,2682.0,12.373840417598807,85.48844146159583,79.04838709677419
STATEN ISLAND,2023-08-01,207680.0,428.0,11567.78,4708.0,34059.35,2682.0,12.699235645041014,77.43475018642803,75.0
STATEN ISLAND,2023-09-01,191440.0,435.2,10663.21,4787.2,32458.300000000003,2682.0,12.10227442207308,71.37956748695004,69.4
STATEN ISLAND,2023-10-01,992325.0,1449.13,51468.13,15479.19,106060.97,894.0,118.63643176733781,1109.9832214765102,60.5
STATEN ISLAND,2023-11-01,43036.0,639.73,2249.06,7989.2,13497.75,894.0,15.098154362416107,48.13870246085011,46.666666666666664
STATEN ISLAND,2024-01-01,1608118.0,2518.65,81178.55,27669.77,200353.81,6787.0,29.52023132459113,236.9409164579343,36.983870967741936
STATEN ISLAND,2024-02-01,1442947.0,2484.17,72842.41,27279.059999999998,202682.13,6787.0,29.86328716664211,212.60453808752027,40.05172413793103
STATEN ISLAND,2024-03-01,1385430.0,2513.4900000000002,69954.16,27519.64,221628.79,6787.0,32.654897598349784,204.1299543244438,48.12903225806452
STATEN ISLAND,2024-04-01,1459921.0,2483.65,73727.39,27230.31,204916.77,6787.0,30.19254015028731,215.10549580079564,55.61666666666667
STATEN ISLAND,2024-05-01,1384022.0,2774.14,69888.41,30420.46,225396.83000000002,6787.0,33.21008251068219,203.92249889494622,64.96774193548387
STATEN ISLAND,2024-06-01,1863929.0,4071.96,103102.02,44679.52,294695.67,6787.0,43.42060851628112,274.6322381022543,75.05
STATEN ISLAND,2024-07-01,2685444.0,4703.29,148560.06,51626.66,415254.33999999997,6787.0,61.18378370414026,395.6746721673788,79.64516129032258
STATEN ISLAND,2024-08-01,2286217.0,4456.86,126407.03,49032.69,341163.71,6787.0,50.26723294533667,336.85236481508764,75.11290322580645
STATEN ISLAND,2024-09-01,1828395.0,4081.17,101095.78,44901.96,278052.11,6787.0,40.96833799911595,269.396640636511,68.81666666666666
STATEN ISLAND,2024-10-01,1465075.0,2986.79,73949.33,32837.09,204113.35,6787.0,30.074163842640342,215.86488875791954,60.91935483870968
STATEN ISLAND,2024-11-01,1594784.0,2590.02,80500.55,28464.67,205173.96,6787.0,30.230434654486515,234.97627817887138,51.416666666666664
STATEN ISLAND,2024-12-01,1518412.0,2568.46,76649.62,28221.08,238164.28,6787.0,35.09124502725799,223.72358921467512,38.24193548387097
